epoch,phase,train_loss,eval_loss,auroc,average_precision,recall
0,frozen,0.5106465012608069,0.4804263644748264,0.848678469657898,0.844112753868103,0.7495719194412231
1,frozen,0.46795416840215237,0.4706202612982856,0.856214165687561,0.8530172109603882,0.7539215087890625
2,frozen,0.46209001495332014,0.4752196735805935,0.8529495596885681,0.8489192128181458,0.7667045593261719
3,frozen,0.45766045151709595,0.4865722126430935,0.8518632650375366,0.8484414219856262,0.7467714548110962
4,frozen,0.4571108419544759,0.471513483259413,0.8596503734588623,0.8562130928039551,0.7747803926467896
5,frozen,0.4520397058023385,0.4715449545118544,0.8578994274139404,0.8521294593811035,0.7747859358787537
6,frozen,0.45138107138568684,0.4682292938232422,0.858792781829834,0.853866696357727,0.7690826058387756
7,frozen,0.45015605886204674,0.47060924106174046,0.8603699207305908,0.8571251034736633,0.7744231224060059
8,frozen,0.44943899838083873,0.4676770634121365,0.8596208095550537,0.8550041913986206,0.7687574625015259
9,frozen,0.4494457996086245,0.47106573316786027,0.8585284948348999,0.853795051574707,0.7724902033805847
0,unfrozen,0.3924012051306586,0.3663559489780002,0.9175969362258911,0.9158557057380676,0.834164023399353
1,unfrozen,0.2906485345933898,0.3243839475843642,0.9370114207267761,0.935804009437561,0.8523776531219482
2,unfrozen,0.2212321989588962,0.3329019811418321,0.9428756833076477,0.9417209625244141,0.8567458391189575
3,unfrozen,0.16708025167357107,0.31173186832004124,0.9495944976806641,0.948805570602417,0.8753130435943604
4,unfrozen,0.11976131765345446,0.3498424159155952,0.9499701261520386,0.9496057033538818,0.876301109790802
5,unfrozen,0.07738579888394197,0.4308355649312337,0.9483879804611206,0.9480979442596436,0.8727242946624756
6,unfrozen,0.04608900379836846,0.581324577331543,0.9452041387557983,0.9446660280227661,0.8657845258712769
7,unfrozen,0.028477191466992,0.7000647121005588,0.947766900062561,0.9461585283279419,0.8675629496574402
8,unfrozen,0.01837037642567806,0.8713460498385959,0.9422088861465454,0.9371819496154785,0.8674801588058472
